<?xml version='1.0' encoding='UTF-8'?>

<feature-pack xmlns="urn:wildfly:feature-pack:1.1">
    <dependencies>
        <artifact name="org.hibernate.lucene-jbossmodules:lucene-jbossmodules"/>
        <artifact name="org.wildfly:wildfly-feature-pack"/>
    </dependencies>
    <artifact-versions>
        <artifact groupId="org.hibernate" artifactId="hibernate-search-backend-jms" version="6.0.0-SNAPSHOT"/>
        <artifact groupId="org.hibernate" artifactId="hibernate-search-engine" version="6.0.0-SNAPSHOT"/>
        <artifact groupId="org.hibernate" artifactId="hibernate-search-serialization-avro" version="6.0.0-SNAPSHOT"/>
        <artifact groupId="org.hibernate.lucene-jbossmodules" artifactId="lucene-jbossmodules" version="5.5.5.hibernate05" extension="zip"/>
        <artifact groupId="org.wildfly" artifactId="wildfly-feature-pack" version="12.0.0.Final" extension="zip"/>
    </artifact-versions>
</feature-pack>
