<?xml version="1.0" ?>
<!DOCTYPE config SYSTEM "http://www.matsim.org/files/dtd/config_v2.dtd">
<config>

	<module name="global">
		<param name="randomSeed" value="4711" />
		<param name="coordinateSystem" value="GK4" />
	</module>

	<module name="network">
		<param name="inputNetworkFile" value="../../matsim/src/test/resources/test/scenarios/berlin/network.xml.gz" />
	</module>

	<module name="plans">
		<param name="inputPlansFile" value="../../matsim/src/test/resources/test/scenarios/berlin/plans_hwh_1pct.xml.gz" /> <!-- 1% sample of commuters, 15931 agents -->
	</module>

	<module name="controler">
		<param name="outputDirectory" value="./output/berlin" />
		<param name="firstIteration" value="0" />
		<param name="lastIteration" value="0" />
		<param name="mobsim" value="qsim" />
	</module>

	<module name="controler">
		<param name= "routingAlgorithmType" value="FastAStarLandmarks" />
	</module>

	<module name="qsim">
		<!-- "start/endTime" of MobSim (00:00:00 == take earliest activity time/ run as long as active vehicles exist) -->
		<param name="startTime" value="00:00:00" />
		<param name="endTime" value="00:00:00" />
	
		<param name = "snapshotperiod"	value = "00:00:00"/> <!-- 00:00:00 means NO snapshot writing -->
		
		<param name = "flowCapacityFactor" value="0.02" /> <!-- we simulate only 1% of the population, and reduce the network capacity to 2% -->
		<param name = "storageCapacityFactor" value="0.05" />
	</module>
	
	<module name="multimodal" >
		<param name="createMultiModalNetwork" value="true" />
		<param name="cuttoffValueForNonCarModes" value="25.0" />
		<param name="dropNonCarRoutes" value="true" />
		<param name="multiModalSimulationEnabled" value="true" />
		<param name="simulatedModes" value="bike,walk" />
		<param name="ensureActivityReachability" value ="true" />
	</module>
	
	<module name="planCalcScore">
		<param name="learningRate" value="1.0" />
		<param name="BrainExpBeta" value="2.0" />

		<param name="lateArrival" value="-18" />
		<param name="earlyDeparture" value="-0" />
		<param name="performing" value="+6" />
		<param name="traveling" value="-6" />
		<param name="waiting" value="-0" />
		
		<param name="activityType_0"            value="home" />
		<param name="activityPriority_0"        value="1" />
		<param name="activityTypicalDuration_0" value="12:00:00" />
		<param name="activityMinimalDuration_0" value="08:00:00" />
	
		<param name="activityType_1"            value="work" />
		<param name="activityPriority_1"        value="1" />
		<param name="activityTypicalDuration_1" value="08:00:00" />
		<param name="activityMinimalDuration_1" value="06:00:00" />
		<param name="activityOpeningTime_1"     value="07:00:00" />
		<param name="activityLatestStartTime_1" value="09:00:00" />
		<param name="activityEarliestEndTime_1" value="" />
		<param name="activityClosingTime_1"     value="18:00:00" />
		
		<param name="activityType_2"            value="edu" />
		<param name="activityPriority_2"        value="1" />
		<param name="activityTypicalDuration_2" value="08:00:00" />
	</module>
	
	<module name="strategy">
		<param name="maxAgentPlanMemorySize" value="5" /> <!-- 0 means unlimited -->

		<param name="ModuleProbability_1" value="0.8" />
		<param name="Module_1" value="BestScore" />

		<param name="ModuleProbability_2" value="0.1" />
		<param name="Module_2" value="ReRoute" />
	
		<param name="ModuleProbability_3" value="0.1" />
		<param name="Module_3"  value="TimeAllocationMutator" />
	</module>

	<module name="travelTimeCalculator">
		<param name="filterModes" value="true" />
	</module>

</config>
