<?xml version="1.0" ?>
<!DOCTYPE config SYSTEM "http://www.matsim.org/files/dtd/config_v2.dtd">
<config>

	<module name="global">
		<param name="randomSeed" value="4711" />
		<param name="coordinateSystem" value="Atlantis" />
	</module>

	<module name="network">
		<param name="inputNetworkFile" value="multimodalnetwork.xml" />
	</module>

	<module name="plans">
		<param name="inputPlansFile" value="0.plans.xml.gz" />
	</module>

	<module name="controler">
		<param name="outputDirectory" value="./output/pt-tutorial" />
		<param name="firstIteration" value="0" />
		<param name="lastIteration" value="50" />
		<param name="eventsFileFormat" value="xml" />
		<param name="mobsim" value="qsim" />
	</module>

	<module name="qsim">
		<!-- "start/endTime" of MobSim (00:00:00 == take earliest activity time/ run as long as active vehicles exist) -->
		<param name="startTime" value="00:00:00" />
		<param name="endTime" value="30:00:00" />
	
		<param name = "snapshotperiod"	value = "00:00:00"/> <!-- 00:00:00 means NO snapshot writing -->
	</module>

	<module name="planCalcScore">
		<param name="learningRate" value="1.0" />
		<param name="BrainExpBeta" value="2.0" />

		<param name="lateArrival" value="-18" />
		<param name="earlyDeparture" value="-0" />
		<param name="performing" value="+6" />
		<param name="traveling" value="-6" />
		<param name="waiting" value="-0" />
		
		<param name="activityType_0"            value="h" /> <!-- home -->
		<param name="activityPriority_0"        value="1" />
		<param name="activityTypicalDuration_0" value="12:00:00" />
		<param name="activityMinimalDuration_0" value="08:00:00" />
	
		<param name="activityType_1"            value="w" /> <!-- work -->
		<param name="activityPriority_1"        value="1" />
		<param name="activityTypicalDuration_1" value="08:00:00" />
		<param name="activityMinimalDuration_1" value="06:00:00" />
		<param name="activityOpeningTime_1"     value="07:00:00" />
		<param name="activityLatestStartTime_1" value="09:00:00" />
		<param name="activityEarliestEndTime_1" value="" />
		<param name="activityClosingTime_1"     value="18:00:00" />

		<param name="activityType_2"            value="s" /> <!-- shop -->
		<param name="activityPriority_2"        value="1" />
		<param name="activityTypicalDuration_2" value="00:40:00" />
		<param name="activityMinimalDuration_2" value="00:10:00" />
		<param name="activityOpeningTime_2"     value="08:00:00" />
		<param name="activityLatestStartTime_2" value="" />
		<param name="activityEarliestEndTime_2" value="" />
		<param name="activityClosingTime_2"     value="20:00:00" />

	</module>
	
	<module name="strategy">
		<param name="maxAgentPlanMemorySize" value="5" /> <!-- 0 means unlimited -->

		<param name="ModuleProbability_1" value="0.7" />
		<param name="Module_1" value="BestScore" />

		<param name="ModuleProbability_2" value="0.1" />
		<param name="Module_2" value="ReRoute" />

		<param name="ModuleProbability_3" value="0.1" />
		<param name="Module_3" value="TimeAllocationMutator" />

		<param name="ModuleProbability_4" value="0.1" />
		<param name="Module_4" value="ChangeTripMode" />
	</module>

	<module name="transit">
		<param name="useTransit" value="true" />
		<param name="transitScheduleFile" value="transitschedule.xml" />
		<param name="vehiclesFile" value="transitVehicles.xml" />
		<param name="transitModes" value="pt" />
	</module>
	
	<module name="changeMode">
		<param name="modes" value="car,pt" />
	</module>

</config>
