{
  "widgetsBundle": {
    "alias": "analogue_gauges",
    "title": "Analogue gauges",
    "image": null
  },
  "widgetTypes": [
    {
      "alias": "radial_gauge_canvas_gauges",
      "name": "Radial gauge - Canvas Gauges",
      "descriptor": {
        "type": "latest",
        "sizeX": 6,
        "sizeY": 5,
        "resources": [],
        "templateHtml": "<canvas id=\"radialGauge\"></canvas>\n",
        "templateCss": "",
        "controllerScript": "self.onInit = function() {\n    self.ctx.gauge = new TbAnalogueRadialGauge(self.ctx, 'radialGauge');    \n}\n\nself.onDataUpdated = function() {\n    self.ctx.gauge.update();\n}\n\nself.onResize = function() {\n    self.ctx.gauge.resize();\n}\n\nself.onMobileModeChanged = function() {\n    self.ctx.gauge.mobileModeChanged();\n}\n\nself.getSettingsSchema = function() {\n    return TbAnalogueRadialGauge.settingsSchema;\n}\n\nself.typeParameters = function() {\n    return {\n        maxDatasources: 1,\n        maxDataKeys: 1\n    };\n}\n\nself.onDestroy = function() {\n}\n",
        "settingsSchema": "{}",
        "dataKeySettingsSchema": "{}\n",
        "defaultConfig": "{\"datasources\":[{\"type\":\"function\",\"name\":\"function\",\"dataKeys\":[{\"name\":\"f(x)\",\"type\":\"function\",\"label\":\"Temp\",\"color\":\"#2196f3\",\"settings\":{},\"_hash\":0.7282710489093589,\"funcBody\":\"var value = prevValue + Math.random() * 50 - 25;\\nif (value < -100) {\\n\\tvalue = -100;\\n} else if (value > 100) {\\n\\tvalue = 100;\\n}\\nreturn value;\"}]}],\"timewindow\":{\"realtime\":{\"timewindowMs\":60000}},\"showTitle\":false,\"backgroundColor\":\"rgb(255, 255, 255)\",\"color\":\"rgba(0, 0, 0, 0.87)\",\"padding\":\"8px\",\"settings\":{\"maxValue\":100,\"startAngle\":45,\"ticksAngle\":270,\"showBorder\":true,\"defaultColor\":\"#e65100\",\"needleCircleSize\":10,\"highlights\":[],\"showUnitTitle\":true,\"colorPlate\":\"#fff\",\"colorMajorTicks\":\"#444\",\"colorMinorTicks\":\"#666\",\"minorTicks\":10,\"valueInt\":3,\"valueDec\":0,\"highlightsWidth\":15,\"valueBox\":true,\"animation\":true,\"animationDuration\":500,\"animationRule\":\"cycle\",\"colorNeedleShadowUp\":\"rgba(2, 255, 255, 0)\",\"numbersFont\":{\"family\":\"Roboto\",\"size\":18,\"style\":\"normal\",\"weight\":\"500\",\"color\":\"#616161\"},\"titleFont\":{\"family\":\"Roboto\",\"size\":24,\"style\":\"normal\",\"weight\":\"500\",\"color\":\"#888\"},\"unitsFont\":{\"family\":\"Roboto\",\"size\":22,\"style\":\"normal\",\"weight\":\"500\",\"color\":\"#616161\"},\"valueFont\":{\"family\":\"Segment7Standard\",\"size\":36,\"style\":\"normal\",\"weight\":\"normal\",\"shadowColor\":\"rgba(0, 0, 0, 0.49)\",\"color\":\"#444\"},\"minValue\":-100,\"colorNeedleShadowDown\":\"rgba(188,143,143,0.45)\",\"colorValueBoxRect\":\"#888\",\"colorValueBoxRectEnd\":\"#666\",\"colorValueBoxBackground\":\"#babab2\",\"colorValueBoxShadow\":\"rgba(0,0,0,1)\"},\"title\":\"Radial gauge - Canvas Gauges\",\"dropShadow\":true,\"enableFullscreen\":true,\"titleStyle\":{\"fontSize\":\"16px\",\"fontWeight\":400}}"
      }
    },
    {
      "alias": "speed_gauge_canvas_gauges",
      "name": "Speed gauge - Canvas Gauges",
      "descriptor": {
        "type": "latest",
        "sizeX": 7,
        "sizeY": 5,
        "resources": [],
        "templateHtml": "<canvas id=\"radialGauge\"></canvas>\n",
        "templateCss": "",
        "controllerScript": "self.onInit = function() {\n    self.ctx.gauge = new TbAnalogueRadialGauge(self.ctx, 'radialGauge');    \n}\n\nself.onDataUpdated = function() {\n    self.ctx.gauge.update();\n}\n\nself.onResize = function() {\n    self.ctx.gauge.resize();\n}\n\nself.onMobileModeChanged = function() {\n    self.ctx.gauge.mobileModeChanged();\n}\n\nself.getSettingsSchema = function() {\n    return TbAnalogueRadialGauge.settingsSchema;\n}\n\nself.typeParameters = function() {\n    return {\n        maxDatasources: 1,\n        maxDataKeys: 1\n    };\n}\n\nself.onDestroy = function() {\n}\n",
        "settingsSchema": "{}",
        "dataKeySettingsSchema": "{}\n",
        "defaultConfig": "{\"datasources\":[{\"type\":\"function\",\"name\":\"function\",\"dataKeys\":[{\"name\":\"f(x)\",\"type\":\"function\",\"label\":\"Speed\",\"color\":\"#2196f3\",\"settings\":{},\"_hash\":0.7282710489093589,\"funcBody\":\"var value = prevValue + Math.random() * 50 - 25;\\nif (value < 0) {\\n\\tvalue = 0;\\n} else if (value > 220) {\\n\\tvalue = 220;\\n}\\nreturn value;\"}]}],\"timewindow\":{\"realtime\":{\"timewindowMs\":60000}},\"showTitle\":false,\"backgroundColor\":\"rgb(255, 255, 255)\",\"color\":\"rgba(0, 0, 0, 0.87)\",\"padding\":\"8px\",\"settings\":{\"maxValue\":180,\"startAngle\":45,\"ticksAngle\":270,\"showBorder\":false,\"defaultColor\":\"#e65100\",\"needleCircleSize\":7,\"highlights\":[{\"from\":80,\"to\":120,\"color\":\"#fdd835\"},{\"color\":\"#e57373\",\"from\":120,\"to\":180}],\"showUnitTitle\":false,\"colorPlate\":\"#fff\",\"colorMajorTicks\":\"#444\",\"colorMinorTicks\":\"#666\",\"minorTicks\":2,\"valueInt\":3,\"minValue\":0,\"valueDec\":0,\"highlightsWidth\":15,\"valueBox\":true,\"animation\":true,\"animationDuration\":1500,\"animationRule\":\"linear\",\"colorNeedleShadowUp\":\"rgba(2, 255, 255, 0)\",\"colorNeedleShadowDown\":\"rgba(188, 143, 143, 0.78)\",\"units\":\"MPH\",\"majorTicksCount\":9,\"numbersFont\":{\"family\":\"Roboto\",\"size\":22,\"style\":\"normal\",\"weight\":\"500\",\"color\":\"#616161\"},\"titleFont\":{\"family\":\"Roboto\",\"size\":24,\"style\":\"normal\",\"weight\":\"500\",\"color\":\"#888\"},\"unitsFont\":{\"family\":\"Roboto\",\"size\":28,\"style\":\"normal\",\"weight\":\"500\",\"color\":\"#616161\"},\"valueFont\":{\"size\":32,\"style\":\"normal\",\"weight\":\"normal\",\"shadowColor\":\"rgba(0, 0, 0, 0.49)\",\"color\":\"#444\",\"family\":\"Segment7Standard\"},\"colorValueBoxRect\":\"#888\",\"colorValueBoxRectEnd\":\"#666\",\"colorValueBoxBackground\":\"#babab2\",\"colorValueBoxShadow\":\"rgba(0,0,0,1)\"},\"title\":\"Speed gauge - Canvas Gauges\",\"dropShadow\":true,\"enableFullscreen\":true,\"titleStyle\":{\"fontSize\":\"16px\",\"fontWeight\":400}}"
      }
    },
    {
      "alias": "temperature_gauge_canvas_gauges",
      "name": "Temperature gauge - Canvas Gauges",
      "descriptor": {
        "type": "latest",
        "sizeX": 7,
        "sizeY": 3,
        "resources": [],
        "templateHtml": "<canvas id=\"linearGauge\"></canvas>\n",
        "templateCss": "",
        "controllerScript": "self.onInit = function() {\n    self.ctx.gauge = new TbAnalogueLinearGauge(self.ctx, 'linearGauge');    \n}\n\nself.onDataUpdated = function() {\n    self.ctx.gauge.update();\n}\n\nself.onResize = function() {\n    self.ctx.gauge.resize();\n}\n\nself.onMobileModeChanged = function() {\n    self.ctx.gauge.mobileModeChanged();\n}\n\nself.getSettingsSchema = function() {\n    return TbAnalogueLinearGauge.settingsSchema;\n}\n\nself.typeParameters = function() {\n    return {\n        maxDatasources: 1,\n        maxDataKeys: 1\n    };\n}\n\nself.onDestroy = function() {\n}\n",
        "settingsSchema": "{}",
        "dataKeySettingsSchema": "{}\n",
        "defaultConfig": "{\"datasources\":[{\"type\":\"function\",\"name\":\"function\",\"dataKeys\":[{\"name\":\"f(x)\",\"type\":\"function\",\"label\":\"Temp\",\"color\":\"#2196f3\",\"settings\":{},\"_hash\":0.7282710489093589,\"funcBody\":\"var value = prevValue + Math.random() * 30 - 15;\\nif (value < -60) {\\n\\tvalue = -60;\\n} else if (value > 100) {\\n\\tvalue = 100;\\n}\\nreturn value;\"}]}],\"timewindow\":{\"realtime\":{\"timewindowMs\":60000}},\"showTitle\":false,\"backgroundColor\":\"rgb(255, 255, 255)\",\"color\":\"rgba(0, 0, 0, 0.87)\",\"padding\":\"8px\",\"settings\":{\"maxValue\":100,\"defaultColor\":\"#e64a19\",\"barStrokeWidth\":2.5,\"colorBar\":\"rgba(255, 255, 255, 0.4)\",\"colorBarEnd\":\"rgba(221, 221, 221, 0.38)\",\"showUnitTitle\":true,\"minorTicks\":2,\"valueBox\":true,\"valueInt\":3,\"colorPlate\":\"#fff\",\"colorMajorTicks\":\"#444\",\"colorMinorTicks\":\"#666\",\"colorNeedleShadowUp\":\"rgba(2,255,255,0.2)\",\"colorNeedleShadowDown\":\"rgba(188,143,143,0.45)\",\"colorValueBoxRect\":\"#888\",\"colorValueBoxRectEnd\":\"#666\",\"colorValueBoxBackground\":\"#babab2\",\"colorValueBoxShadow\":\"rgba(0,0,0,1)\",\"highlightsWidth\":10,\"animation\":true,\"animationDuration\":1500,\"animationRule\":\"linear\",\"showBorder\":false,\"majorTicksCount\":8,\"numbersFont\":{\"family\":\"Arial\",\"size\":18,\"style\":\"normal\",\"weight\":\"normal\",\"color\":\"#263238\"},\"titleFont\":{\"family\":\"Roboto\",\"size\":24,\"style\":\"normal\",\"weight\":\"normal\",\"color\":\"#78909c\"},\"unitsFont\":{\"family\":\"Roboto\",\"size\":26,\"style\":\"normal\",\"weight\":\"500\",\"color\":\"#37474f\"},\"valueFont\":{\"family\":\"Roboto\",\"size\":40,\"style\":\"normal\",\"weight\":\"500\",\"color\":\"#444\",\"shadowColor\":\"rgba(0,0,0,0.3)\"},\"minValue\":-60,\"highlights\":[{\"from\":-60,\"to\":-40,\"color\":\"#90caf9\"},{\"from\":-40,\"to\":-20,\"color\":\"rgba(144, 202, 249, 0.66)\"},{\"from\":-20,\"to\":0,\"color\":\"rgba(144, 202, 249, 0.33)\"},{\"from\":0,\"to\":20,\"color\":\"rgba(244, 67, 54, 0.2)\"},{\"from\":20,\"to\":40,\"color\":\"rgba(244, 67, 54, 0.4)\"},{\"from\":40,\"to\":60,\"color\":\"rgba(244, 67, 54, 0.6)\"},{\"from\":60,\"to\":80,\"color\":\"rgba(244, 67, 54, 0.8)\"},{\"from\":80,\"to\":100,\"color\":\"#f44336\"}],\"unitTitle\":\"Temperature\",\"units\":\"°C\",\"colorBarProgress\":\"#90caf9\",\"colorBarProgressEnd\":\"#f44336\",\"colorBarStroke\":\"#b0bec5\",\"valueDec\":1},\"title\":\"Temperature gauge - Canvas Gauges\",\"dropShadow\":true,\"enableFullscreen\":true,\"titleStyle\":{\"fontSize\":\"16px\",\"fontWeight\":400}}"
      }
    },
    {
      "alias": "temperature_radial_gauge_canvas_gauges",
      "name": "Temperature radial gauge - Canvas Gauges",
      "descriptor": {
        "type": "latest",
        "sizeX": 6,
        "sizeY": 5,
        "resources": [],
        "templateHtml": "<canvas id=\"radialGauge\"></canvas>\n",
        "templateCss": "",
        "controllerScript": "self.onInit = function() {\n    self.ctx.gauge = new TbAnalogueRadialGauge(self.ctx, 'radialGauge');    \n}\n\nself.onDataUpdated = function() {\n    self.ctx.gauge.update();\n}\n\nself.onResize = function() {\n    self.ctx.gauge.resize();\n}\n\nself.onMobileModeChanged = function() {\n    self.ctx.gauge.mobileModeChanged();\n}\n\nself.getSettingsSchema = function() {\n    return TbAnalogueRadialGauge.settingsSchema;\n}\n\nself.typeParameters = function() {\n    return {\n        maxDatasources: 1,\n        maxDataKeys: 1\n    };\n}\n\nself.onDestroy = function() {\n}\n",
        "settingsSchema": "{}",
        "dataKeySettingsSchema": "{}\n",
        "defaultConfig": "{\"datasources\":[{\"type\":\"function\",\"name\":\"function\",\"dataKeys\":[{\"name\":\"f(x)\",\"type\":\"function\",\"label\":\"Temperature\",\"color\":\"#2196f3\",\"settings\":{},\"_hash\":0.7282710489093589,\"funcBody\":\"var value = prevValue + Math.random() * 40 - 20;\\nif (value < -60) {\\n\\tvalue = -60;\\n} else if (value > 60) {\\n\\tvalue = 60;\\n}\\nreturn value;\"}]}],\"timewindow\":{\"realtime\":{\"timewindowMs\":60000}},\"showTitle\":false,\"backgroundColor\":\"rgb(255, 255, 255)\",\"color\":\"rgba(0, 0, 0, 0.87)\",\"padding\":\"8px\",\"settings\":{\"maxValue\":60,\"startAngle\":67.5,\"ticksAngle\":225,\"showBorder\":true,\"defaultColor\":\"#e65100\",\"needleCircleSize\":7,\"highlights\":[{\"from\":-60,\"to\":-50,\"color\":\"#42a5f5\"},{\"from\":-50,\"to\":-40,\"color\":\"rgba(66, 165, 245, 0.83)\"},{\"from\":-40,\"to\":-30,\"color\":\"rgba(66, 165, 245, 0.66)\"},{\"from\":-30,\"to\":-20,\"color\":\"rgba(66, 165, 245, 0.5)\"},{\"from\":-20,\"to\":-10,\"color\":\"rgba(66, 165, 245, 0.33)\"},{\"from\":-10,\"to\":0,\"color\":\"rgba(66, 165, 245, 0.16)\"},{\"from\":0,\"to\":10,\"color\":\"rgba(229, 115, 115, 0.16)\"},{\"from\":10,\"to\":20,\"color\":\"rgba(229, 115, 115, 0.33)\"},{\"from\":20,\"to\":30,\"color\":\"rgba(229, 115, 115, 0.5)\"},{\"from\":30,\"to\":40,\"color\":\"rgba(229, 115, 115, 0.66)\"},{\"from\":40,\"to\":50,\"color\":\"rgba(229, 115, 115, 0.83)\"},{\"from\":50,\"to\":60,\"color\":\"#e57373\"}],\"showUnitTitle\":true,\"colorPlate\":\"#cfd8dc\",\"colorMajorTicks\":\"#444\",\"colorMinorTicks\":\"#666\",\"minorTicks\":2,\"valueInt\":3,\"valueDec\":1,\"highlightsWidth\":15,\"valueBox\":true,\"animation\":true,\"animationDuration\":1000,\"animationRule\":\"bounce\",\"colorNeedleShadowUp\":\"rgba(2, 255, 255, 0)\",\"colorNeedleShadowDown\":\"rgba(188, 143, 143, 0.78)\",\"units\":\"°C\",\"majorTicksCount\":12,\"numbersFont\":{\"family\":\"Roboto\",\"size\":20,\"style\":\"normal\",\"weight\":\"normal\",\"color\":\"#263238\"},\"titleFont\":{\"family\":\"Roboto\",\"size\":24,\"style\":\"normal\",\"weight\":\"normal\",\"color\":\"#263238\"},\"unitsFont\":{\"family\":\"Roboto\",\"size\":28,\"style\":\"normal\",\"weight\":\"500\",\"color\":\"#616161\"},\"valueFont\":{\"family\":\"Segment7Standard\",\"size\":30,\"style\":\"normal\",\"weight\":\"normal\",\"shadowColor\":\"rgba(0, 0, 0, 0.49)\",\"color\":\"#444\"},\"colorValueBoxRect\":\"#888\",\"colorValueBoxRectEnd\":\"#666\",\"colorValueBoxBackground\":\"#babab2\",\"colorValueBoxShadow\":\"rgba(0,0,0,1)\",\"unitTitle\":\"Temperature\",\"minValue\":-60},\"title\":\"Temperature radial gauge - Canvas Gauges\",\"dropShadow\":true,\"enableFullscreen\":true,\"titleStyle\":{\"fontSize\":\"16px\",\"fontWeight\":400}}"
      }
    },
    {
      "alias": "analogue_compass",
      "name": "Analogue Compass",
      "descriptor": {
        "type": "latest",
        "sizeX": 6,
        "sizeY": 5,
        "resources": [],
        "templateHtml": "<canvas id=\"compass\"></canvas>",
        "templateCss": "",
        "controllerScript": "self.onInit = function() {\n    self.ctx.gauge = new TbAnalogueCompass(self.ctx, 'compass');\n}\n\nself.onDataUpdated = function() {\n    self.ctx.gauge.update();\n}\n\nself.onResize = function() {\n    self.ctx.gauge.resize();\n}\n\nself.onMobileModeChanged = function() {\n    self.ctx.gauge.mobileModeChanged();\n}\n\nself.getSettingsSchema = function() {\n    return TbAnalogueCompass.settingsSchema;\n}\n\nself.typeParameters = function() {\n    return {\n        maxDatasources: 1,\n        maxDataKeys: 1\n    };\n}\n\nself.onDestroy = function() {\n}\n",
        "settingsSchema": "{}",
        "dataKeySettingsSchema": "{}\n",
        "defaultConfig": "{\"datasources\":[{\"type\":\"function\",\"name\":\"function\",\"dataKeys\":[{\"name\":\"f(x)\",\"type\":\"function\",\"label\":\"Random\",\"color\":\"#2196f3\",\"settings\":{},\"_hash\":0.15479322438769105,\"funcBody\":\"var value = prevValue + Math.random() * 100 - 50;\\nvar multiplier = Math.pow(10, 2 || 0);\\nvar value = Math.round(value * multiplier) / multiplier;\\nif (value < -1000) {\\n\\tvalue = -1000;\\n} else if (value > 1000) {\\n\\tvalue = 1000;\\n}\\nreturn value;\"}]}],\"timewindow\":{\"realtime\":{\"timewindowMs\":60000}},\"showTitle\":false,\"backgroundColor\":\"#fff\",\"color\":\"rgba(0, 0, 0, 0.87)\",\"padding\":\"8px\",\"settings\":{\"minorTicks\":22,\"needleCircleSize\":15,\"showBorder\":true,\"borderOuterWidth\":10,\"colorPlate\":\"#222\",\"colorMajorTicks\":\"#f5f5f5\",\"colorMinorTicks\":\"#ddd\",\"colorNeedle\":\"#f08080\",\"colorNeedleCircle\":\"#e8e8e8\",\"colorBorder\":\"#ccc\",\"majorTickFont\":{\"family\":\"Roboto\",\"style\":\"normal\",\"weight\":\"500\",\"color\":\"#ccc\"},\"animation\":true,\"animationDuration\":500,\"animationRule\":\"cycle\",\"animationTarget\":\"needle\",\"majorTicks\":[\"N\",\"NE\",\"E\",\"SE\",\"S\",\"SW\",\"W\",\"NW\"]},\"title\":\"Analogue Compass\",\"dropShadow\":true,\"enableFullscreen\":true,\"widgetStyle\":{},\"titleStyle\":{\"fontSize\":\"16px\",\"fontWeight\":400},\"useDashboardTimewindow\":true,\"showLegend\":false,\"actions\":{}}"
      }
    }
  ]
}