<?xml version="1.0" encoding="UTF-8"?>
<!-- 
   Copyright 2016 Achim Nierbeck

   Licensed under the Apache License, Version 2.0 (the "License");
   you may not use this file except in compliance with the License.
   You may obtain a copy of the License at

       http://www.apache.org/licenses/LICENSE-2.0

   Unless required by applicable law or agreed to in writing, software
   distributed under the License is distributed on an "AS IS" BASIS,
   WITHOUT WARRANTIES OR CONDITIONS OF ANY KIND, either express or implied.
   See the License for the specific language governing permissions and
   limitations under the License.

 -->
<features name="Vertx-Microservices-Features-0.2.0-SNAPSHOT" xmlns="http://karaf.apache.org/xmlns/features/v1.4.0">

	<repository>mvn:de.nierbeck.example.vertx/Vertx-Feature/0.2.0-SNAPSHOT/xml/features</repository>
	<repository>mvn:org.ops4j.pax.jdbc/pax-jdbc-features/1.1.0/xml/features</repository>

	<feature name='Vertx-Microservices-Features' version="0.2.0-SNAPSHOT">
		<details>Microservice sample feature for using vertx with Apache Karaf</details>
		<feature>Vertx-Feature</feature>
		<feature>Vertx-JDBC</feature>
		<feature>pax-jdbc-pool-aries</feature>
		<feature>pax-jdbc-h2</feature>
		<feature>pax-jdbc-postgresql</feature>
		<feature>pax-jdbc-config</feature>
		<bundle>mvn:de.nierbeck.example.vertx.mircoservices/Vertx-Microservice-MetricsDashboard/0.2.0-SNAPSHOT</bundle>
        <bundle>mvn:de.nierbeck.example.vertx.mircoservices/Vertx-Microservices-Bookservice/0.2.0-SNAPSHOT</bundle>
        <bundle>mvn:de.nierbeck.example.vertx.mircoservices/Vertx-Microservices-CookbookUI/0.2.0-SNAPSHOT</bundle>
        <bundle>mvn:de.nierbeck.example.vertx.mircoservices/Vertx-Microservices-Entity/0.2.0-SNAPSHOT</bundle>
        <bundle>mvn:de.nierbeck.example.vertx.mircoservices/Vertx-Microservices-JDBC/0.2.0-SNAPSHOT</bundle>
	</feature>
	
</features>