<?xml version="1.0" encoding="UTF-8" standalone="no"?>
<feature id="org.wso2.transport.http.netty" label="WSO2 Transport HTTP Netty Feature" provider-name="%providerName" version="6.0.183.SNAPSHOT">
  <description>WSO2 is an open source application development software company focused on providing service-oriented
        architecture solutions for professional developers.</description>
  <copyright>%copyright</copyright>
  <license url="%licenseURL">%license</license>
  <plugin id="io.netty.buffer" unpack="false" version="4.1.19.Final"/>
  <plugin id="org.wso2.transport.http.netty" unpack="false" version="6.0.183.SNAPSHOT"/>
  <plugin id="commons-pool" unpack="false" version="1.5.6.wso2v1"/>
  <plugin id="io.netty.resolver" unpack="false" version="4.1.19.Final"/>
  <plugin id="javax.websocket-api" unpack="false" version="1.1"/>
  <plugin id="io.netty.codec-http2" unpack="false" version="4.1.19.Final"/>
  <plugin id="io.netty.transport" unpack="false" version="4.1.19.Final"/>
  <plugin id="io.netty.codec-http" unpack="false" version="4.1.19.Final"/>
  <plugin id="io.netty.codec" unpack="false" version="4.1.19.Final"/>
  <plugin id="io.netty.common" unpack="false" version="4.1.19.Final"/>
  <plugin id="io.netty.handler" unpack="false" version="4.1.19.Final"/>
  <plugin id="snakeyaml" unpack="false" version="1.16.0.wso2v1"/>
  <require/>
</feature>
