<?xml version="1.0" encoding="UTF-8"?>
<!-- 
   Copyright 2016 Achim Nierbeck

   Licensed under the Apache License, Version 2.0 (the "License");
   you may not use this file except in compliance with the License.
   You may obtain a copy of the License at

       http://www.apache.org/licenses/LICENSE-2.0

   Unless required by applicable law or agreed to in writing, software
   distributed under the License is distributed on an "AS IS" BASIS,
   WITHOUT WARRANTIES OR CONDITIONS OF ANY KIND, either express or implied.
   See the License for the specific language governing permissions and
   limitations under the License.
 -->

<features name="Vertx-Feature-0.2.0-SNAPSHOT" xmlns="http://karaf.apache.org/xmlns/features/v1.4.0">
	
	<repository>mvn:org.apache.karaf.cellar/apache-karaf-cellar/4.1.0/xml/features</repository>
	
	<feature name="Aries-SPI-Fly">
        <bundle dependency="true" start-level="30">mvn:org.ow2.asm/asm-all/5.0.2</bundle>
        <bundle dependency="true" start-level="30">mvn:org.apache.aries.spifly/org.apache.aries.spifly.dynamic.bundle/1.0.2</bundle>
        <bundle dependency="true" start-level="30">mvn:org.apache.aries/org.apache.aries.util/1.1.0</bundle>
	</feature>
	
	<feature name="Vertx-Core" version="0.2.0-SNAPSHOT">
		<feature dependency="true">Aries-SPI-Fly</feature>
		<bundle start-level="80">mvn:io.vertx/vertx-core/3.5.1</bundle>
        <bundle start-level="80">mvn:io.vertx/vertx-dropwizard-metrics/3.5.1</bundle>
        <bundle start-level="80">mvn:io.dropwizard.metrics/metrics-core/4.0.2</bundle>
        <bundle start-level="80">mvn:io.netty/netty-buffer/4.1.19.Final</bundle>
        <bundle start-level="80">mvn:io.netty/netty-handler-proxy/4.1.19.Final</bundle>
        <bundle start-level="80">mvn:io.netty/netty-codec-socks/4.1.19.Final</bundle>
        <bundle start-level="80">mvn:io.netty/netty-codec-http2/4.1.19.Final</bundle>
        <bundle start-level="80">mvn:io.netty/netty-resolver/4.1.19.Final</bundle>
        <bundle start-level="80">mvn:io.netty/netty-resolver-dns/4.1.19.Final</bundle>
        <bundle start-level="80">mvn:io.netty/netty-codec-dns/4.1.19.Final</bundle>
        <bundle start-level="80">mvn:com.fasterxml.jackson.core/jackson-core/2.9.3</bundle>
        <bundle start-level="80">mvn:com.fasterxml.jackson.core/jackson-databind/2.9.3</bundle>
        <bundle start-level="80">mvn:com.fasterxml.jackson.core/jackson-annotations/2.9.3</bundle>
        <bundle start-level="80">mvn:io.vertx/vertx-rx-java2/3.5.1</bundle>
        <bundle start-level="80">mvn:io.reactivex.rxjava2/rxjava/2.1.9</bundle>
        <bundle start-level="80">mvn:org.reactivestreams/reactive-streams/1.0.2</bundle>
        <bundle start-level="80">mvn:org.jetbrains.kotlin/kotlin-osgi-bundle/1.0.5-2</bundle>
       <capability>
       	osgi.service;objectClass=io.vertx.core.Vertx,
       	osgi.service;objectClass=io.vertx.core.spi.VertxMetricsFactory,
       	osgi.service;objectClass=io.vertx.core.eventbus.EventBus,
       	osgi.service;objectClass=io.vertx.ext.dropwizard.MetricsService
       </capability>
	</feature>
	
	<feature name="Vertx-Web" version="0.2.0-SNAPSHOT">
		<bundle start-level="80">mvn:io.vertx/vertx-web/3.5.1</bundle>
        <bundle start-level="80">mvn:io.vertx/vertx-auth-common/3.5.1</bundle>
        <bundle start-level="80">mvn:io.vertx/vertx-jwt/3.5.1</bundle>
        <bundle start-level="80">mvn:io.vertx/vertx-bridge-common/3.5.1</bundle>
        <bundle start-level="80">mvn:io.netty/netty-transport/4.1.19.Final</bundle>
        <bundle start-level="80">mvn:io.netty/netty-handler/4.1.19.Final</bundle>
        <bundle start-level="80">mvn:io.netty/netty-codec/4.1.19.Final</bundle>
        <bundle start-level="80">mvn:io.netty/netty-common/4.1.19.Final</bundle>
        <bundle start-level="80">mvn:io.netty/netty-codec-http/4.1.19.Final</bundle>
	</feature>
	
	<feature name="Vertx-JDBC" version="0.2.0-SNAPSHOT">
		<bundle start-level="80">mvn:io.vertx/vertx-jdbc-client/3.5.1</bundle>
		<bundle start-level="80">mvn:io.vertx/vertx-sql-common/3.5.1</bundle>
		<bundle start-level="80">mvn:org.apache.servicemix.bundles/org.apache.servicemix.bundles.c3p0/0.9.5.2_1</bundle>
	</feature>
	
	<feature name="Vertx-Cluster" version="0.2.0-SNAPSHOT">
		<feature dependency="true">cellar-shell</feature>
		<feature dependency="true">cellar</feature>
		<bundle start-level="80">mvn:io.vertx/vertx-hazelcast/3.5.1</bundle>
		<bundle start-level="80">mvn:de.nierbeck.example.vertx/Vertx-Cluster/0.2.0-SNAPSHOT</bundle>
	</feature>

	<feature name="Vertx-AliveCheck" version="0.2.0-SNAPSHOT">
		<bundle>mvn:io.vertx/vertx-health-check/3.5.1</bundle>
		<bundle>mvn:io.vertx/vertx-codegen/3.5.1</bundle>
        <bundle>mvn:de.nierbeck.example.vertx/Vertx-AliveCheck/0.2.0-SNAPSHOT</bundle>
	</feature>

    <feature name='Vertx-Feature' description='Vertx-Feature' version='0.2.0-SNAPSHOT'>
        <details>Vertx-Feature details</details>
        <feature dependency="true" version="0.1.0.SNAPSHOT">scr</feature>
        <feature dependency="true" version="0.1.0.SNAPSHOT">Vertx-Core</feature>
        <feature dependency="true" version="0.1.0.SNAPSHOT">Vertx-Web</feature>
        <bundle dependency="true">mvn:org.ops4j.pax.swissbox/pax-swissbox-extender/1.8.3</bundle>
        <bundle dependency="true">mvn:org.ops4j.pax.swissbox/pax-swissbox-lifecycle/1.8.3</bundle>
        <bundle dependency="true">mvn:org.ops4j.base/ops4j-base-lang/1.5.0</bundle>
        <bundle>mvn:de.nierbeck.example.vertx/Vertx-System/0.2.0-SNAPSHOT</bundle>
        <bundle>mvn:de.nierbeck.example.vertx/Vertx-Extender/0.2.0-SNAPSHOT</bundle>
        <bundle>mvn:de.nierbeck.example.vertx/Vertx-Shell/0.2.0-SNAPSHOT</bundle>
        <bundle>mvn:de.nierbeck.example.vertx/Vertx-Http/0.2.0-SNAPSHOT</bundle>
        <bundle>mvn:de.nierbeck.example.vertx/Vertx-Verticles/0.2.0-SNAPSHOT</bundle>
    </feature>

</features>