<?xml version="1.0" encoding="UTF-8"?>
<!--

   Licensed under the Apache License, Version 2.0 (the "License");
   you may not use this file except in compliance with the License.
   You may obtain a copy of the License at

         http://www.apache.org/licenses/LICENSE-2.0

   Unless required by applicable law or agreed to in writing, software
   distributed under the License is distributed on an "AS IS" BASIS,
   WITHOUT WARRANTIES OR CONDITIONS OF ANY KIND, either express or implied.
   See the License for the specific language governing permissions and
   limitations under the License.
-->
<features name="karaf-cellar-4.1.0" xmlns="http://karaf.apache.org/xmlns/features/v1.3.0" xmlns:xsi="http://www.w3.org/2001/XMLSchema-instance" xsi:schemaLocation="http://karaf.apache.org/xmlns/features/v1.3.0 http://karaf.apache.org/xmlns/features/v1.3.0">

    <repository>mvn:org.apache.jclouds.karaf/jclouds-karaf/1.9.1/xml/features</repository>
    <repository>mvn:io.fabric8.kubernetes/kubernetes-karaf/1.4.7/xml/features</repository>
    
    <feature name="cellar-core" description="Karaf clustering core" version="4.1.0">
        <feature>aries-proxy</feature>
        <feature>shell</feature>
        <configfile finalname="/etc/org.apache.karaf.cellar.groups.cfg">mvn:org.apache.karaf.cellar/apache-karaf-cellar/4.1.0/cfg/groups</configfile>
        <configfile finalname="/etc/org.apache.karaf.cellar.node.cfg">mvn:org.apache.karaf.cellar/apache-karaf-cellar/4.1.0/cfg/node</configfile>
        <bundle>mvn:org.apache.karaf.cellar/org.apache.karaf.cellar.core/4.1.0</bundle>
    </feature>

    <feature name="hazelcast" description="In memory data grid" version="3.8.1">
        <configfile finalname="/etc/hazelcast.xml">mvn:org.apache.karaf.cellar/apache-karaf-cellar/4.1.0/xml/hazelcast</configfile>
        <bundle>mvn:org.apache.geronimo.specs/geronimo-jta_1.1_spec/1.1.1</bundle>
        <bundle>mvn:com.eclipsesource.minimal-json/minimal-json/0.9.2</bundle>
        <bundle>mvn:com.hazelcast/hazelcast-all/3.8.1</bundle>
    </feature>

    <feature name="cellar-hazelcast" description="Cellar implementation based on Hazelcast" version="4.1.0">
        <feature version="3.8.1">hazelcast</feature>
        <feature version="4.1.0">cellar-core</feature>
        <bundle>mvn:org.apache.karaf.cellar/org.apache.karaf.cellar.hazelcast/4.1.0</bundle>
        <bundle>mvn:org.apache.karaf.cellar/org.apache.karaf.cellar.utils/4.1.0</bundle>
        <capability>
            karaf.cellar.provider;provider:=hazelcast
        </capability>
    </feature>

    <feature name="cellar-config" description="ConfigAdmin cluster support" version="4.1.0">
        <conditional>
            <condition>config</condition>
            <feature dependency="true">cellar-hazelcast</feature>
            <bundle>mvn:org.apache.karaf.cellar/org.apache.karaf.cellar.config/4.1.0</bundle>
        </conditional>
    </feature>

    <feature name="cellar-features" description="Karaf features cluster support" version="4.1.0">
        <conditional>
            <condition>feature</condition>
            <feature dependency="true">cellar-hazelcast</feature>
            <bundle>mvn:org.apache.karaf.cellar/org.apache.karaf.cellar.features/4.1.0</bundle>
        </conditional>
    </feature>

    <feature name="cellar-kar" description="Karaf kar cluster support" version="4.1.0">
        <conditional>
            <condition>kar</condition>
            <feature dependency="true">cellar-hazelcast</feature>
            <bundle>mvn:org.apache.karaf.cellar/org.apache.karaf.cellar.kar/4.1.0</bundle>
        </conditional>
    </feature>

    <feature name="cellar-bundle" description="Bundle cluster support" version="4.1.0">
        <conditional>
            <condition>bundle</condition>
            <feature dependency="true">cellar-hazelcast</feature>
            <bundle>mvn:org.apache.karaf.cellar/org.apache.karaf.cellar.bundle/4.1.0</bundle>
        </conditional>
    </feature>

    <feature name="cellar-shell" description="Cellar shell support" version="4.1.0">
        <conditional>
            <condition>shell</condition>
            <feature dependency="true">cellar-hazelcast</feature>
            <bundle>mvn:org.apache.karaf.cellar/org.apache.karaf.cellar.shell/4.1.0</bundle>
        </conditional>
    </feature>

    <feature name="cellar" description="Karaf clustering" version="4.1.0">
        <feature dependency="true">cellar-hazelcast</feature>
        <feature>cellar-shell</feature>
        <feature>cellar-config</feature>
        <feature>cellar-bundle</feature>
        <feature>cellar-features</feature>
        <feature>cellar-kar</feature>
        <requirement>
            karaf.cellar.provider
        </requirement>
    </feature>

    <feature name="cellar-dosgi" description="DOSGi support" version="4.1.0">
        <feature dependency="true">cellar-hazelcast</feature>
        <bundle start-level="40">mvn:org.apache.karaf.cellar/org.apache.karaf.cellar.dosgi/4.1.0</bundle>
    </feature>

    <feature name="cellar-obr" description="OBR cluster support" version="4.1.0">
        <conditional>
            <condition>obr</condition>
            <feature dependency="true">cellar-hazelcast</feature>
            <bundle>mvn:org.apache.karaf.cellar/org.apache.karaf.cellar.obr/4.1.0</bundle>
        </conditional>
    </feature>

    <feature name="cellar-eventadmin" description="OSGi events broadcasting in clusters" version="4.1.0">
        <conditional>
            <condition>eventadmin</condition>
            <feature dependency="true">cellar-hazelcast</feature>
            <bundle>mvn:org.apache.karaf.cellar/org.apache.karaf.cellar.event/4.1.0</bundle>
        </conditional>
    </feature>

    <feature name="cellar-cloud" description="Cloud blobstore support in clusters" version="4.1.0">
        <feature dependency="true">cellar-hazelcast</feature>
        <feature version="1.9.1">jclouds</feature>
        <!-- Adding S3 as the default Blobstore -->
        <feature>jclouds-aws-s3</feature>
        <bundle>mvn:joda-time/joda-time/2.9.1</bundle>
        <bundle>mvn:org.apache.karaf.cellar/org.apache.karaf.cellar.cloud/4.1.0</bundle>
    </feature>

    <feature name="cellar-kubernetes" description="Cellar Kubernetes support" version="4.1.0">
        <feature>cellar-core</feature>
        <feature>kubernetes-client</feature>
        <bundle>mvn:org.apache.karaf.cellar/org.apache.karaf.cellar.kubernetes/4.1.0</bundle>
    </feature>

    <feature name="cellar-dns" description="Cellar DNS support" version="4.1.0">
        <feature>cellar-core</feature>
        <bundle>mvn:org.apache.karaf.cellar/org.apache.karaf.cellar.dns/4.1.0</bundle>
    </feature>

    <feature name="cellar-etcd" description="Cellar Etcd discovery support" version="4.1.0">
        <feature>cellar-core</feature>
        <bundle>mvn:com.netflix.feign/feign-core/8.13.1</bundle>
        <bundle>mvn:com.netflix.feign/feign-slf4j/8.13.1</bundle>
        <bundle>mvn:com.netflix.feign/feign-gson/8.13.1</bundle>
        <bundle>mvn:org.apache.karaf.cellar/org.apache.karaf.cellar.etcd/4.1.0</bundle>
    </feature>

    <feature name="cellar-webconsole" description="Cellar plugin for Karaf WebConsole" version="4.1.0">
        <conditional>
            <condition>webconsole</condition>
            <feature dependency="true">cellar-hazelcast</feature>
            <bundle>mvn:org.apache.karaf.cellar/org.apache.karaf.cellar.webconsole/4.1.0</bundle>
        </conditional>
    </feature>

    <feature name="cellar-http-balancer" description="Cellar HTTP request balancer" version="4.1.0">
        <feature dependency="true">cellar-hazelcast</feature>
        <feature>http</feature>
        <feature>http-whiteboard</feature>
        <bundle>mvn:org.apache.karaf.cellar.http/org.apache.karaf.cellar.http.balancer/4.1.0</bundle>
    </feature>

    <feature name="cellar-log" description="Cellar central log support" version="4.1.0">
        <conditional>
            <condition>log</condition>
            <feature dependency="true">cellar-hazelcast</feature>
            <bundle>mvn:org.apache.karaf.cellar/org.apache.karaf.cellar.log/4.1.0</bundle>
        </conditional>
    </feature>

</features>
