<?xml version="1.0" encoding="UTF-8"?>
<!--
 ~ Hibernate Search, full-text search for your domain model
 ~
 ~ License: GNU Lesser General Public License (LGPL), version 2.1 or later
 ~ See the lgpl.txt file in the root directory or <http://www.gnu.org/licenses/lgpl-2.1.html>.
  -->
<module xmlns="urn:jboss:module:1.3" name="org.hibernate.search.serialization-avro" slot="6.0.0-SNAPSHOT">
    <properties>
        <property name="jboss.api" value="private"/>
    </properties>
    <resources>
        <artifact name="${org.hibernate:hibernate-search-serialization-avro}" />
    </resources>
    <dependencies>
        <module name="org.hibernate.search.engine" slot="6.0.0-SNAPSHOT" />
        <module name="org.apache.lucene" slot="5.5" />
        <module name="org.jboss.logging" />
        <module name="org.apache.avro" />
    </dependencies>
</module>
